game_id,commence_time,home_team,away_team,home_elo_pre,away_elo_pre,home_win_prob,away_win_prob,home_fair_odds,away_fair_odds,nfl_week_index,kickoff_local,home_score,away_score,winner
2024_01_BAL_KC,,KC,BAL,1500.0,1500.0,0.5784967523447427,0.42150324765525726,1.7286181745132279,2.3724609610075618,,,27.0,20.0,home
2024_01_GB_PHI,,PHI,GB,1500.0,1500.0,0.5784967523447427,0.42150324765525726,1.7286181745132279,2.3724609610075618,,,34.0,29.0,home
2024_01_PIT_ATL,,ATL,PIT,1500.0,1500.0,0.5784967523447427,0.42150324765525726,1.7286181745132279,2.3724609610075618,,,10.0,18.0,away
2024_01_ARI_BUF,,BUF,ARI,1500.0,1500.0,0.5784967523447427,0.42150324765525726,1.7286181745132279,2.3724609610075618,,,34.0,28.0,home
2024_01_TEN_CHI,,CHI,TEN,1500.0,1500.0,0.5784967523447427,0.42150324765525726,1.7286181745132279,2.3724609610075618,,,24.0,17.0,home
2024_01_NE_CIN,,CIN,NE,1500.0,1500.0,0.5784967523447427,0.42150324765525726,1.7286181745132279,2.3724609610075618,,,10.0,16.0,away
2024_01_HOU_IND,,IND,HOU,1500.0,1500.0,0.5784967523447427,0.42150324765525726,1.7286181745132279,2.3724609610075618,,,27.0,29.0,away
2024_01_JAX_MIA,,MIA,JAX,1500.0,1500.0,0.5784967523447427,0.42150324765525726,1.7286181745132279,2.3724609610075618,,,20.0,17.0,home
2024_01_CAR_NO,,NO,CAR,1500.0,1500.0,0.5784967523447427,0.42150324765525726,1.7286181745132279,2.3724609610075618,,,47.0,10.0,home
2024_01_MIN_NYG,,NYG,MIN,1500.0,1500.0,0.5784967523447427,0.42150324765525726,1.7286181745132279,2.3724609610075618,,,6.0,28.0,away
2024_01_LV_LAC,,LAC,LV,1500.0,1500.0,0.5784967523447427,0.42150324765525726,1.7286181745132279,2.3724609610075618,,,22.0,10.0,home
2024_01_DEN_SEA,,SEA,DEN,1500.0,1500.0,0.5784967523447427,0.42150324765525726,1.7286181745132279,2.3724609610075618,,,26.0,20.0,home
2024_01_DAL_CLE,,CLE,DAL,1500.0,1500.0,0.5784967523447427,0.42150324765525726,1.7286181745132279,2.3724609610075618,,,17.0,33.0,away
2024_01_WAS_TB,,TB,WAS,1500.0,1500.0,0.5784967523447427,0.42150324765525726,1.7286181745132279,2.3724609610075618,,,37.0,20.0,home
2024_01_LA_DET,,DET,LA,1500.0,1500.0,0.5784967523447427,0.42150324765525726,1.7286181745132279,2.3724609610075618,,,26.0,20.0,home
2024_01_NYJ_SF,,SF,NYJ,1500.0,1500.0,0.5784967523447427,0.42150324765525726,1.7286181745132279,2.3724609610075618,,,32.0,19.0,home
2024_02_BUF_MIA,,MIA,BUF,1508.430064953105,1508.430064953105,0.5784967523447427,0.42150324765525726,1.7286181745132279,2.3724609610075618,,,10.0,31.0,away
2024_02_LV_BAL,,BAL,LV,1491.569935046895,1491.569935046895,0.5784967523447427,0.42150324765525726,1.7286181745132279,2.3724609610075618,,,23.0,26.0,away
2024_02_LAC_CAR,,CAR,LAC,1491.569935046895,1508.430064953105,0.5546682657033499,0.4453317342966501,1.8028794179020589,2.2455170449044783,,,3.0,26.0,away
2024_02_NO_DAL,,DAL,NO,1511.569935046895,1508.430064953105,0.5828976542102174,0.41710234578978256,1.7155670344134855,2.397493109530472,,,19.0,44.0,away
2024_02_TB_DET,,DET,TB,1508.430064953105,1508.430064953105,0.5784967523447427,0.42150324765525726,1.7286181745132279,2.3724609610075618,,,16.0,20.0,away
2024_02_IND_GB,,GB,IND,1491.569935046895,1488.430064953105,0.5828976542102174,0.41710234578978256,1.7155670344134855,2.397493109530472,,,16.0,10.0,home
2024_02_CLE_JAX,,JAX,CLE,1491.569935046895,1488.430064953105,0.5828976542102174,0.41710234578978256,1.7155670344134855,2.397493109530472,,,13.0,18.0,away
2024_02_SF_MIN,,MIN,SF,1511.569935046895,1508.430064953105,0.5828976542102174,0.41710234578978256,1.7155670344134855,2.397493109530472,,,23.0,17.0,home
2024_02_SEA_NE,,NE,SEA,1511.569935046895,1508.430064953105,0.5828976542102174,0.41710234578978256,1.7155670344134855,2.397493109530472,,,20.0,23.0,away
2024_02_NYJ_TEN,,TEN,NYJ,1491.569935046895,1491.569935046895,0.5784967523447427,0.42150324765525726,1.7286181745132279,2.3724609610075618,,,17.0,24.0,away
2024_02_NYG_WAS,,WAS,NYG,1491.569935046895,1488.430064953105,0.5828976542102174,0.41710234578978256,1.7155670344134855,2.397493109530472,,,21.0,18.0,home
2024_02_LA_ARI,,ARI,LA,1491.569935046895,1491.569935046895,0.5784967523447427,0.42150324765525726,1.7286181745132279,2.3724609610075618,,,41.0,10.0,home
2024_02_PIT_DEN,,DEN,PIT,1491.569935046895,1511.569935046895,0.550199353253537,0.44980064674646303,1.81752303794365,2.2232071190499316,,,6.0,13.0,away
2024_02_CIN_KC,,KC,CIN,1508.430064953105,1488.430064953105,0.6062878237854281,0.3937121762145719,1.6493816315762115,2.539926526059492,,,26.0,25.0,home
2024_02_CHI_HOU,,HOU,CHI,1511.569935046895,1508.430064953105,0.5828976542102174,0.41710234578978256,1.7155670344134855,2.397493109530472,,,19.0,13.0,home
2024_02_ATL_PHI,,PHI,ATL,1508.430064953105,1488.430064953105,0.6062878237854281,0.3937121762145719,1.6493816315762115,2.539926526059492,,,21.0,22.0,away
2024_03_NE_NYJ,,NYJ,NE,1503.1398700937898,1499.9119819626906,0.5830208353071719,0.41697916469282814,1.7152045680719754,2.398201360340534,,,24.0,3.0,home
2024_03_NYG_CLE,,CLE,NYG,1500.0880180373094,1480.0880180373094,0.6062878237854281,0.3937121762145719,1.6493816315762115,2.539926526059492,,,15.0,21.0,away
2024_03_CHI_IND,,IND,CHI,1480.0880180373094,1500.0880180373094,0.550199353253537,0.44980064674646303,1.81752303794365,2.2232071190499316,,,21.0,16.0,home
2024_03_HOU_MIN,,MIN,HOU,1519.9119819626906,1519.9119819626906,0.5784967523447427,0.42150324765525726,1.7286181745132279,2.3724609610075618,,,34.0,7.0,home
2024_03_PHI_NO,,NO,PHI,1520.0880180373094,1496.3043084773965,0.6114747468877255,0.3885252531122745,1.6353905130012059,2.5738352706536274,,,12.0,15.0,away
2024_03_LAC_PIT,,PIT,LAC,1522.5739221119657,1519.523430267172,0.5827725589101012,0.41722744108989884,1.7159352902102938,2.3967742806843155,,,20.0,10.0,home
2024_03_DEN_TB,,TB,DEN,1520.0,1480.5659479818241,0.6326508893052685,0.36734911069473153,1.5806505877169126,2.7222061273233997,,,7.0,26.0,away
2024_03_GB_TEN,,TEN,GB,1480.0,1499.9119819626906,0.5503247413973454,0.44967525860265456,1.8171089263783982,2.2238270415576222,,,14.0,30.0,away
2024_03_CAR_LV,,LV,CAR,1503.1398700937898,1480.476569732828,0.6099413979723315,0.3900586020276685,1.6395017674228476,2.5637173358096224,,,22.0,36.0,away
2024_03_MIA_SEA,,SEA,MIA,1520.0880180373094,1496.8601299062102,0.6107143447680973,0.3892856552319027,1.6374267422516884,2.568807729132188,,,24.0,3.0,home
2024_03_DET_ARI,,ARI,DET,1500.0,1496.8601299062102,0.5828976542102174,0.41710234578978256,1.7155670344134855,2.397493109530472,,,13.0,20.0,away
2024_03_BAL_DAL,,DAL,BAL,1499.9119819626906,1480.0,0.6061668730677868,0.3938331269322132,1.649710738792173,2.539146485186658,,,25.0,28.0,away
2024_03_SF_LA,,LA,SF,1483.1398700937898,1500.0880180373094,0.5545431083527694,0.44545689164723057,1.803286317939156,2.244886135451076,,,27.0,24.0,home
2024_03_KC_ATL,,ATL,KC,1500.5558214288137,1516.3043084773965,0.5562483656511741,0.4437516343488259,1.7977580910810345,2.253512826983565,,,17.0,22.0,away
2024_03_JAX_BUF,,BUF,JAX,1520.0,1479.9119819626906,0.6335253426918838,0.36647465730811624,1.5784688198122359,2.7287016443247336,,,47.0,10.0,home
2024_03_WAS_CIN,,CIN,WAS,1480.5558214288137,1499.9119819626906,0.5511164014323391,0.4488835985676609,1.814498710981968,2.2277490271217126,,,33.0,38.0,away
2024_04_DAL_NYG,,NYG,DAL,1492.213774513018,1487.7886445013348,0.5846953381575667,0.4153046618424333,1.7102924116875973,2.407870876198833,,,15.0,20.0,away
2024_04_NO_ATL,,ATL,NO,1489.4308541157902,1507.858523099555,0.552438278462785,0.44756172153721496,1.8101569695398378,2.2343287012243955,,,26.0,24.0,home
2024_04_CIN_CAR,,CAR,CIN,1492.6753976922746,1469.533493400167,0.6105966647188277,0.3894033352811723,1.6377423228482386,2.5680314198591563,,,24.0,34.0,away
2024_04_LA_CHI,,CHI,LA,1491.0920051023802,1492.0490079267345,0.5771528815586959,0.42284711844130407,1.7326431729827565,2.3649209285998984,,,24.0,18.0,home
2024_04_MIN_GB,,GB,MIN,1510.9184767906374,1528.3420469157957,0.5538669620245988,0.44613303797540116,1.8054877228000956,2.241483850956445,,,29.0,31.0,away
2024_04_JAX_HOU,,HOU,JAX,1511.4819170095855,1472.5824888165282,0.6319353654607638,0.3680646345392362,1.5824403169315722,2.7169141127939542,,,24.0,20.0,home
2024_04_PIT_IND,,IND,PIT,1489.0840309722387,1530.9184709337637,0.5189377004585387,0.4810622995414613,1.9270135877898054,2.078732839703256,,,27.0,24.0,home
2024_04_DEN_NYJ,,NYJ,DEN,1511.4794533876463,1493.2189657679296,0.603895060424985,0.396104939575015,1.6559168397507014,2.5245835133308616,,,9.0,10.0,away
2024_04_PHI_TB,,TB,PHI,1507.3469822138945,1508.533803415151,0.5768299883126748,0.42317001168732515,1.7336130580262807,2.363116412745445,,,33.0,16.0,home
2024_04_WAS_ARI,,ARI,WAS,1488.3420469157957,1510.9343099913374,0.5465036907447807,0.45349630925521933,1.8298138090104936,2.2050896106349973,,,14.0,42.0,away
2024_04_NE_SF,,SF,NE,1491.1788802043648,1491.572398668834,0.5779442937828432,0.4220557062171568,1.7302705654461226,2.369355479073841,,,30.0,13.0,home
2024_04_KC_LAC,,LAC,KC,1511.178881445374,1527.42927579042,0.5555350886803357,0.44446491131966426,1.8000663151187861,2.249896391215433,,,10.0,17.0,away
2024_04_CLE_LV,,LV,CLE,1490.9410421343432,1487.9622615616008,0.5826721829031036,0.41732781709689637,1.716230891644087,2.396197806694053,,,20.0,16.0,home
2024_04_BUF_BAL,,BAL,BUF,1492.1233374613557,1527.3294931461623,0.5284548529013565,0.4715451470986435,1.8923092379788666,2.120687713897325,,,35.0,10.0,home
2024_04_TEN_MIA,,MIA,TEN,1489.0744168015722,1468.9935051720531,0.6063989976827412,0.3936010023172588,1.649079242909938,2.5406439366583684,,,12.0,31.0,away
2024_04_SEA_DET,,DET,SEA,1508.5180829904145,1527.8737311419475,0.5511171311029615,0.44888286889703854,1.8144963086135255,2.2277526483849233,,,42.0,29.0,home
2024_05_TB_ATL,,ATL,TB,1498.3820885465345,1515.8103824476411,0.5538602428570593,0.44613975714294074,1.8055096261135337,2.2414500926883445,,,36.0,30.0,home
2024_05_NYJ_MIN,,MIN,NYJ,1539.4193861562876,1499.4015521791466,0.6334315377866501,0.36656846221334993,1.5787025753315367,2.7280033693078067,,,23.0,17.0,home
2024_05_CAR_CHI,,CHI,CAR,1499.5489474712062,1480.463464397898,0.6050304997792838,0.3949695002207162,1.6528092391454674,2.5318410647940706,,,36.0,10.0,home
2024_05_BAL_CIN,,CIN,BAL,1481.7454266945435,1501.5542404033285,0.5504717039939104,0.44952829600608957,1.8166238023581724,2.224554068975568,,,38.0,41.0,away
2024_05_BUF_HOU,,HOU,BUF,1518.8432097003702,1517.8985902041895,0.5798220946120818,0.4201779053879182,1.7246669440374287,2.37994427402549,,,23.0,20.0,home
2024_05_IND_JAX,,JAX,IND,1465.2211961257435,1498.705276963068,0.5309243746165391,0.4690756253834609,1.8835074217910064,2.131852404785514,,,37.0,34.0,home
2024_05_MIA_NE,,NE,MIA,1483.1312845444909,1476.9464368479173,0.5871529822095818,0.4128470177904182,1.7031336471063927,2.4222047317964397,,,10.0,15.0,away
2024_05_CLE_WAS,,WAS,CLE,1521.864383806233,1479.615705219663,0.6364082052068434,0.3635917947931566,1.571318521380445,2.7503370931923508,,,34.0,13.0,home
2024_05_LV_DEN,,DEN,LV,1505.2968669764293,1499.2875984762811,0.5869079589022882,0.4130920410977118,1.7038446741637827,2.4207680141759553,,,34.0,18.0,home
2024_05_ARI_SF,,SF,ARI,1499.619994328708,1477.4119731009,0.6093176971477173,0.39068230285228267,1.641179970122498,2.55962451510915,,,23.0,24.0,away
2024_05_GB_LA,,LA,GB,1483.5920655579084,1499.8411375501455,0.555536968221457,0.44446303177854296,1.8000602249774385,2.249905905556297,,,19.0,24.0,away
2024_05_NYG_SEA,,SEA,NYG,1518.8960737640068,1480.5198677498668,0.631234538375123,0.368765461624877,1.5841972186346547,2.7117507035331854,,,20.0,29.0,away
2024_05_DAL_PIT,,PIT,DAL,1521.2972249429345,1499.4825512644861,0.6087785503817291,0.3912214496182709,1.642633432753107,2.556097067212794,,,17.0,20.0,away
2024_05_NO_KC,,KC,NO,1538.5399775640267,1498.9072886688107,0.6329165900526142,0.36708340994738575,1.5799870246992107,2.724176502946103,,,26.0,13.0,home
2024_06_SF_SEA,,SEA,SF,1506.2713829965044,1487.4336403857535,0.6046896535827689,0.39531034641723106,1.6537408802598632,2.529658049841549,,,24.0,36.0,away
2024_06_JAX_CHI,,CHI,JAX,1507.4483374756205,1474.6027086334127,0.6237932416906937,0.3762067583093063,1.6030952776751106,2.658112800774911,,,35.0,16.0,home
2024_06_WAS_BAL,,BAL,WAS,1512.5636744832068,1529.1362197020962,0.5550771486679625,0.44492285133203746,1.8015513742544327,2.247580669336579,,,30.0,23.0,home
2024_06_ARI_GB,,GB,ARI,1510.9518769145745,1489.5983270438544,0.6081461670609637,0.3918538329390363,1.6443415319589687,2.551971975110366,,,34.0,13.0,home
2024_06_HOU_NE,,NE,HOU,1471.3882249002993,1527.2467678081284,0.49876445995155316,0.5012355400484468,2.0049544029202355,1.995070022176291,,,21.0,41.0,away
2024_06_TB_NO,,NO,TB,1491.565620469863,1506.8875873047823,0.5568543254843457,0.44314567451565434,1.7958017999235458,2.256594292820237,,,27.0,51.0,away
2024_06_CLE_PHI,,PHI,CLE,1500.0704031814043,1472.3438693237997,0.6168530450872377,0.3831469549127623,1.6211316584464233,2.6099646289181324,,,20.0,16.0,home
2024_06_IND_TEN,,TEN,IND,1481.121485125708,1489.3237644553988,0.566942981461294,0.43305701853870604,1.7638458058383628,2.309164745497876,,,17.0,20.0,away
2024_06_LAC_DEN,,DEN,LAC,1513.5587077983835,1500.0681796717672,0.5973085486973577,0.4026914513026423,1.6741766080208516,2.483290858957051,,,16.0,23.0,away
2024_06_PIT_LV,,LV,PIT,1491.025757654327,1509.1216539353,0.5529104387140549,0.4470895612859451,1.8086111781969152,2.2366883206213575,,,13.0,32.0,away
2024_06_ATL_CAR,,CAR,ATL,1472.5640743934837,1507.3048836893934,0.5291223199859529,0.47087768001404706,1.8899221639838362,2.123693779603587,,,20.0,38.0,away
2024_06_DET_DAL,,DAL,DET,1511.6581222721206,1517.4957403683552,0.5702819077432035,0.42971809225679647,1.7535187184130299,2.32710704533801,,,9.0,47.0,away
2024_06_CIN_NYG,,NYG,CIN,1493.1445585173692,1470.7359926146653,0.6095924735990809,0.39040752640091914,1.6404402011329358,2.561426028895445,,,7.0,17.0,away
2024_06_BUF_NYJ,,NYJ,BUF,1492.0701829348795,1509.4950320964313,0.553865142706593,0.44613485729340696,1.8054936534067905,2.241474710285495,,,20.0,23.0,away
2024_07_DEN_NO,,NO,DEN,1480.428533960176,1501.6125368244363,0.5485120407080983,0.45148795929190166,1.8231140353984865,2.214898491575204,,,10.0,33.0,away
2024_07_NE_JAX,,JAX,NE,1467.0785734672265,1461.4129357012682,0.5864282927766746,0.41357170722332537,1.7052383254994536,2.4179603743057987,,,32.0,16.0,home
2024_07_SEA_ATL,,ATL,SEA,1517.8873300891123,1494.177589924849,0.6113735828502018,0.3886264171497982,1.6356611212051977,2.5731652709922304,,,14.0,34.0,away
2024_07_TEN_BUF,,BUF,TEN,1520.5723349505631,1469.782625496482,0.6477068407444968,0.3522931592555032,1.5439083503434443,2.8385450404807395,,,34.0,10.0,home
2024_07_CIN_CLE,,CLE,CIN,1464.6809302255444,1482.927842086647,0.5526955336146163,0.4473044663853837,1.8093144221014825,2.2356137153757616,,,14.0,21.0,away
2024_07_HOU_GB,,GB,HOU,1518.7889535733552,1537.2220570071595,0.5524305436695416,0.4475694563304584,1.8101823142461688,2.2342900880654826,,,24.0,22.0,home
2024_07_MIA_IND,,IND,MIA,1500.6626240846247,1488.689496492109,0.5952057698291915,0.4047942301708085,1.6800912401890424,2.470390943018225,,,16.0,10.0,home
2024_07_DET_MIN,,MIN,DET,1546.7507554005547,1528.9013785232194,0.6033288304589821,0.3966711695410179,1.6574709337845674,2.52097978574315,,,29.0,31.0,away
2024_07_PHI_NYG,,NYG,PHI,1480.9527090453876,1507.7333422796596,0.5405218649773925,0.4594781350226075,1.8500639193232735,2.1763821252360516,,,3.0,28.0,away
2024_07_LV_LA,,LA,LV,1472.4813261934794,1479.9675488800458,0.5679547172313518,0.4320452827686482,1.7607037491910784,2.314572198524571,,,20.0,15.0,home
2024_07_CAR_WAS,,WAS,CAR,1520.2377626754555,1461.9816279937647,0.6574508187343471,0.3425491812656529,1.521026320911869,2.91928883410316,,,40.0,7.0,home
2024_07_KC_SF,,SF,KC,1499.527433457409,1545.8816457629744,0.5124397210366339,0.48756027896336607,1.9514490367316992,2.0510284433468735,,,18.0,28.0,away
2024_07_NYJ_PIT,,PIT,NYJ,1520.1798627095811,1480.9928800807477,0.6323202917601842,0.3676797082398158,1.5814770030806842,2.719758468008137,,,37.0,15.0,home
2024_07_BAL_TB,,TB,BAL,1518.0246738144692,1521.4621315098475,0.5736644309078659,0.4263355690921341,1.7431793678011847,2.3455701857798616,,,31.0,41.0,away
2024_07_LAC_ARI,,ARI,LAC,1481.7612503850737,1512.0143506457143,0.5355535469060005,0.46444645309399946,1.8672269202159133,2.153100736023082,,,17.0,15.0,home
2024_08_MIN_LA,,LA,MIN,1481.1222318488524,1534.684178791375,0.5020695128900777,0.49793048710992227,1.991756070277341,2.0083124570342723,,,30.0,20.0,home
2024_08_PHI_CIN,,CIN,PHI,1493.9817527589394,1518.5437795792075,0.543692041758546,0.456307958241454,1.8392765080127853,2.191502431502308,,,17.0,37.0,away
2024_08_BAL_CLE,,CLE,BAL,1453.627019553252,1532.9354201280048,0.46507436940534613,0.5349256305946539,2.150193744881321,1.8694187431033036,,,29.0,24.0,home
2024_08_TEN_DET,,DET,TEN,1540.967955132399,1462.736762311372,0.682858668686227,0.317141331313773,1.4644318742030924,3.1531683235907875,,,52.0,14.0,home
2024_08_IND_HOU,,HOU,IND,1528.2706678805503,1508.7585086880408,0.605617289670389,0.39438271032961103,1.6512078123533367,2.5356081131554564,,,23.0,20.0,home
2024_08_GB_JAX,,JAX,GB,1475.350007611693,1527.7403426999645,0.5037555390752356,0.4962444609247644,1.985089835112762,2.0151358427990798,,,27.0,30.0,away
2024_08_ARI_MIA,,MIA,ARI,1480.5936118886927,1491.0501794469537,0.5637542280098206,0.43624577199017944,1.7738226168701658,2.2922858264916584,,,27.0,28.0,away
2024_08_NYJ_NE,,NE,NYJ,1453.1415015568018,1473.6392859159514,0.5494901033695333,0.4505098966304667,1.8198689910298491,2.21970706410531,,,25.0,22.0,home
2024_08_ATL_TB,,TB,ATL,1506.551385196312,1505.6598584321082,0.5797476335314738,0.42025236646852615,1.7248884551862704,2.3795225911592643,,,26.0,31.0,away
2024_08_NO_LAC,,LAC,NO,1502.7254215838343,1469.458293146014,0.6243624739149879,0.3756375260850121,1.6016337332537354,2.6621408420565675,,,26.0,8.0,home
2024_08_BUF_SEA,,SEA,BUF,1506.405061581853,1527.618198135673,0.5484705083054274,0.45152949169457257,1.8232520889584984,2.2146947616799935,,,10.0,31.0,away
2024_08_CAR_DEN,,DEN,CAR,1512.5827776385984,1455.1306443684516,0.6564077461536029,0.34359225384639713,1.5234433259810964,2.910426497702855,,,28.0,14.0,home
2024_08_KC_LV,,LV,KC,1471.3266432246728,1556.130440183707,0.45721378566457466,0.5427862143354254,2.187160648593455,1.8423459800363138,,,20.0,27.0,away
2024_08_CHI_WAS,,WAS,CHI,1527.0887463007687,1514.9724726418067,0.5954042890069872,0.40459571099301284,1.679531065635748,2.4716030665418236,,,18.0,15.0,home
2024_08_DAL_SF,,SF,DAL,1489.2786390366764,1500.2524841172565,0.5630217704247423,0.43697822957525767,1.7761302538010248,2.2884435249142707,,,30.0,24.0,home
2024_08_NYG_PIT,,PIT,NYG,1527.5334568743774,1470.1422717458397,0.6563286132584458,0.3436713867415542,1.5236270060440362,2.9097563503359516,,,26.0,18.0,home
2024_09_HOU_NYJ,,NYJ,HOU,1464.629087983342,1536.1583220871426,0.47623045041507545,0.5237695495849246,2.099823728466785,1.9092366113923138,,,21.0,13.0,home
2024_09_DAL_ATL,,ATL,DAL,1517.2548111027377,1491.5129195257514,0.6141493328663028,0.3858506671336972,1.6282684788289024,2.59167622393536,,,27.0,21.0,home
2024_09_DEN_BAL,,BAL,DEN,1522.2369075161118,1519.4546227155263,0.58239710792057,0.41760289207943,1.7170414935102745,2.394619431442528,,,41.0,10.0,home
2024_09_MIA_BUF,,BUF,MIA,1538.5876083017815,1469.3185273284964,0.6715823082382498,0.3284176917617502,1.4890207614659812,3.0449029546357314,,,30.0,27.0,home
2024_09_NO_CAR,,CAR,NO,1448.2587992915237,1461.9455426243137,0.5591759146219631,0.44082408537803686,1.788345981740041,2.2684785908247993,,,23.0,22.0,home
2024_09_LV_CIN,,CIN,LV,1483.1079119237684,1462.1823675113812,0.6075588770804913,0.3924411229195087,1.6459310162750151,2.548152937084282,,,41.0,24.0,home
2024_09_LAC_CLE,,CLE,LAC,1464.325532165145,1510.2381721055347,0.5130747809800239,0.4869252190199761,1.9490336244745854,2.0537034454955494,,,10.0,27.0,away
2024_09_WAS_NYG,,NYG,WAS,1463.2688440110087,1535.1806605206289,0.47568114334484646,0.5243188566551535,2.1022485629098124,1.907236383561356,,,22.0,27.0,away
2024_09_NE_TEN,,TEN,NE,1456.3939356850967,1462.1516994894112,0.5703945530637035,0.42960544693629654,1.7531724218416875,2.3277172278224945,,,20.0,17.0,home
2024_09_CHI_ARI,,ARI,CHI,1502.32526400715,1506.8805584219465,0.5720899116721928,0.4279100883278072,1.7479769868289505,2.336939528366376,,,29.0,9.0,home
2024_09_JAX_PHI,,PHI,JAX,1529.4176204143785,1465.2748968301883,0.6650410203924415,0.3349589796075585,1.5036666451189715,2.9854401908305626,,,28.0,23.0,home
2024_09_DET_GB,,GB,DET,1537.8154534814691,1547.3107817586745,0.5651145883493051,0.43488541165069494,1.7695526192678754,2.2994563009237288,,,14.0,24.0,away
2024_09_LA_SEA,,SEA,LA,1495.4356514157446,1491.0808415910508,0.5845970396248168,0.4154029603751832,1.7105799930868293,2.407301091684135,,,20.0,26.0,away
2024_09_IND_MIN,,MIN,IND,1524.7255690491766,1500.8708544814485,0.6115718476548923,0.38842815234510775,1.6351308580251986,2.5744786879183965,,,21.0,13.0,home
2024_09_TB_KC,,KC,TB,1565.2747158969985,1494.9564325256824,0.6729130372215469,0.32708696277845306,1.4860761267592508,3.057290915863661,,,30.0,24.0,home
2024_10_CIN_BAL,,BAL,CIN,1530.5889653577005,1490.9567343821586,0.6329159776227089,0.3670840223772911,1.579988553545595,2.724171958027076,,,35.0,34.0,home
2024_10_NYG_CAR,,CAR,NYG,1457.0752809990845,1453.7552211441118,0.5831498183736109,0.4168501816263891,1.7148251932736136,2.398943419188123,,,20.0,17.0,home
2024_10_NE_CHI,,CHI,NE,1498.3223566553904,1453.5595905506852,0.6397503238127563,0.3602496761872437,1.5631097988981753,2.775852599185236,,,3.0,19.0,away
2024_10_BUF_IND,,IND,BUF,1493.1022914345465,1545.1559621370166,0.5042400070614566,0.49575999293854345,1.983182583682061,2.017105079562086,,,20.0,30.0,away
2024_10_MIN_JAX,,JAX,MIN,1458.575717238037,1532.4941320960786,0.47280108852134173,0.5271989114786583,2.115054352195852,1.8968172699660086,,,7.0,12.0,away
2024_10_DEN_KC,,KC,DEN,1571.8164551525676,1511.1025648739376,0.6606299393428362,0.3393700606571638,1.5137067523684338,2.9466358878670014,,,16.0,14.0,home
2024_10_ATL_NO,,NO,ATL,1453.129060916753,1524.9718244454116,0.4757802844450454,0.5242197155549546,2.10181050517133,1.9075970825350783,,,20.0,17.0,home
2024_10_SF_TB,,TB,SF,1488.4146932701133,1498.0182036281815,0.564961536006047,0.43503846399395296,1.770032004425336,2.298647321478912,,,20.0,23.0,away
2024_10_PIT_WAS,,WAS,PIT,1544.6942833875257,1534.4068846092084,0.5928656243553599,0.40713437564464006,1.6867228574558175,2.4561915176448577,,,27.0,28.0,away
2024_10_TEN_LAC,,LAC,TEN,1520.4996677251352,1464.9860446238226,0.6538866176331798,0.3461133823668202,1.5293171217047057,2.889226626146958,,,27.0,17.0,home
2024_10_NYJ_ARI,,ARI,NYJ,1510.8834657737061,1475.1044789750406,0.6277475528830584,0.3722524471169416,1.592997050179322,2.6863490293882584,,,31.0,6.0,home
2024_10_PHI_DAL,,DAL,PHI,1483.7959061830775,1536.1168000065297,0.5038554672992407,0.4961445327007593,1.9846961378829262,2.015541710308702,,,6.0,34.0,away
2024_10_DET_HOU,,HOU,DET,1525.682931095444,1558.6130735256606,0.5317184276592967,0.46828157234070333,1.8806946458525957,2.1354673321897004,,,23.0,26.0,away
2024_10_MIA_LA,,LA,MIA,1502.772782383547,1462.7501734932614,0.6334379200447173,0.36656207995528267,1.5786866689783987,2.7280508669145243,,,15.0,23.0,away
2024_11_WAS_PHI,,PHI,WAS,1546.1939093525145,1532.8369709004185,0.5971235655314258,0.40287643446857424,1.6746952519115936,2.482150640851155,,,26.0,18.0,home
2024_11_GB_CHI,,CHI,GB,1485.5273501791353,1526.513161714483,0.520157107725931,0.47984289227406896,1.922496078871033,2.084015447766258,,,19.0,20.0,away
2024_11_JAX_DET,,DET,JAX,1569.2474420788465,1449.1196954676102,0.732651353507063,0.267348646492937,1.3649056883785033,3.7404341227005937,,,52.0,6.0,home
2024_11_LV_MIA,,MIA,LV,1475.4189318941558,1454.333545052991,0.6077782422328584,0.39222175776714163,1.6453369510665528,2.5495780899378118,,,34.0,19.0,home
2024_11_LA_NE,,NE,LA,1466.3545970269404,1490.1040239826527,0.544852298015679,0.455147701984321,1.8353597913451827,2.197088979336313,,,22.0,28.0,away
2024_11_CLE_NO,,NO,CLE,1463.613455227852,1454.0640365455445,0.5918398186707545,0.4081601813292455,1.6896463679073754,2.450018511711074,,,35.0,14.0,home
2024_11_IND_NYJ,,NYJ,IND,1467.6594300327017,1483.0174912933173,0.5568030524435685,0.44319694755643146,1.7959671657894674,2.2563332295348713,,,27.0,28.0,away
2024_11_BAL_PIT,,PIT,BAL,1546.2641970963157,1537.9306458052463,0.5901479984867836,0.40985200151321644,1.6944902000246216,2.4399051274799084,,,18.0,16.0,home
2024_11_MIN_TEN,,TEN,MIN,1458.0637769764862,1541.9501538665054,0.4585246845462358,0.5414753154537641,2.180907666922268,1.846806255908426,,,13.0,23.0,away
2024_11_ATL_DEN,,DEN,ATL,1504.3151636607943,1514.4874301343125,0.5641566760797544,0.4358433239202456,1.7725572387955413,2.2944024724421124,,,38.0,6.0,home
2024_11_SEA_SF,,SF,SEA,1509.3174343483024,1483.7437106232483,0.613919908324277,0.386080091675723,1.628876969847006,2.5901361441861694,,,17.0,20.0,away
2024_11_KC_BUF,,BUF,KC,1555.2407622782457,1578.603856365711,0.5454037465674219,0.45459625343257815,1.83350408994006,2.199754160860702,,,30.0,21.0,home
2024_11_CIN_LAC,,LAC,CIN,1527.4219353724716,1483.615053934613,0.6384811874107952,0.3615188125892048,1.5662168591924475,2.7661077796698335,,,34.0,27.0,home
2024_11_HOU_DAL,,DAL,HOU,1473.7187968370927,1515.0485625422582,0.5196629027987687,0.4803370972012313,1.9243243930137424,2.081871264632018,,,10.0,34.0,away
2024_12_PIT_CLE,,CLE,PIT,1445.9008329189596,1554.46123712658,0.42352523405577047,0.5764747659442295,2.3611344014234543,1.7346813062356037,,,24.0,19.0,home
2024_12_KC_CAR,,CAR,KC,1465.4122846316122,1569.5119312970594,0.4298065939338849,0.5701934060661151,2.326627869636233,1.753790888076401,,,27.0,30.0,away
2024_12_MIN_CHI,,CHI,MIN,1475.1242080246166,1551.1206475574302,0.4698204252494887,0.5301795747505114,2.128472808454358,1.8861533858043735,,,27.0,30.0,away
2024_12_TEN_HOU,,HOU,TEN,1525.4418205982336,1448.8932832855614,0.6807573056828782,0.3192426943171218,1.4689522854211379,3.1324131070220935,,,27.0,32.0,away
2024_12_DET_IND,,IND,DET,1494.1535523421887,1574.5944150087053,0.4634529521984454,0.5365470478015546,2.1577163232133456,1.863769457119176,,,6.0,24.0,away
2024_12_NE_MIA,,MIA,NE,1483.2633670494986,1455.4575510666268,0.6169609037184,0.38303909628160004,1.620848248200231,2.6106995596732165,,,34.0,15.0,home
2024_12_TB_NYG,,NYG,TB,1445.418217511584,1477.1154625499923,0.5334851643792057,0.4665148356207943,1.8744663708946023,2.1435545531350435,,,7.0,30.0,away
2024_12_DAL_WAS,,WAS,DAL,1524.779442211047,1463.3255387811173,0.6615843366115789,0.3384156633884211,1.511523088835018,2.954945967888716,,,26.0,34.0,away
2024_12_DEN_LV,,LV,DEN,1446.4891098976482,1513.0320301391992,0.48339451160766095,0.516605488392339,2.0687036695435905,1.9357130779078062,,,19.0,29.0,away
2024_12_SF_GB,,GB,SF,1536.9163038690017,1497.039036181817,0.633243632703461,0.36675636729653904,1.5791710304780686,2.726605695686409,,,38.0,10.0,home
2024_12_ARI_SEA,,SEA,ARI,1496.0221087897337,1518.328514716045,0.5469114823504211,0.4530885176495789,1.828449451641377,2.2070742493929307,,,16.0,6.0,home
2024_12_PHI_LA,,LA,PHI,1501.0010699429663,1554.251438041886,0.5025179014241288,0.4974820985758712,1.9899788587949083,2.0101225810188414,,,20.0,37.0,away
2024_12_BAL_LAC,,LAC,BAL,1534.6523116242556,1529.733605774982,0.5853851032906059,0.4146148967093941,1.7082771570009778,2.411876678663829,,,23.0,30.0,away
2024_13_CHI_DET,,DET,CHI,1583.863474052674,1465.7277995196268,0.730399233577373,0.269600766422627,1.3691142515336,3.709188268524419,,,23.0,20.0,home
2024_13_NYG_DAL,,DAL,NYG,1476.5572255133488,1434.748514224,0.6358219647720136,0.3641780352279864,1.5727673081545235,2.7459097014842477,,,27.0,20.0,home
2024_13_MIA_GB,,GB,MIA,1544.2514312149324,1490.9241489751305,0.6510327711784832,0.34896722882151676,1.5360209873764497,2.8655985932463053,,,30.0,17.0,home
2024_13_LV_KC,,KC,LV,1578.108063175737,1436.821219665495,0.755823747428193,0.24417625257180697,1.3230597786886882,4.095402355746784,,,19.0,17.0,home
2024_13_LAC_ATL,,ATL,LAC,1505.7705636559076,1522.9446095584435,0.5542218608635746,0.4457781391364254,1.8043315693859947,2.243268370982098,,,13.0,17.0,away
2024_13_PIT_CIN,,CIN,PIT,1476.3846776828289,1542.9317418076955,0.483388554660138,0.516611445339862,2.0687291628224056,1.9356907575714515,,,38.0,44.0,away
2024_13_HOU_JAX,,JAX,HOU,1443.7727225377514,1511.826674484576,0.48122268803001694,0.518777311969983,2.078040011150978,1.92760935554919,,,20.0,23.0,away
2024_13_ARI_MIN,,MIN,ARI,1560.51705606242,1509.2667443630535,0.6483116161702451,0.35168838382975487,1.5424681203574213,2.8434263000397517,,,23.0,22.0,home
2024_13_IND_NE,,NE,IND,1447.796769140995,1484.88449329822,0.5257550222854191,0.47424497771458085,1.902026528730191,2.108614844629602,,,24.0,25.0,away
2024_13_SEA_NYJ,,NYJ,SEA,1456.5233689838303,1505.0838791427252,0.5092661098089639,0.4907338901910361,1.9636099491778873,2.0377642954529054,,,21.0,26.0,away
2024_13_TEN_WAS,,WAS,TEN,1511.5477554788154,1462.508429399219,0.6454042607249652,0.35459573927503485,1.549416483363043,2.8201128475048334,,,42.0,19.0,home
2024_13_TB_CAR,,CAR,TB,1456.8161527529346,1487.7851658375764,0.5345283260962729,0.4654716739037271,1.8708082456604778,2.1483584416929067,,,23.0,26.0,away
2024_13_LA_NO,,NO,LA,1471.7766588544368,1490.9507119144837,0.5513757221589246,0.4486242778410754,1.813645323527261,2.2290367449847395,,,14.0,21.0,away
2024_13_PHI_BAL,,BAL,PHI,1541.441307840794,1564.3017960703687,0.5461209954211174,0.45387900457888264,1.8310960545087516,2.203230354150923,,,19.0,24.0,away
2024_13_SF_BUF,,BUF,SF,1564.3326873468973,1489.7039088358863,0.6783508403591775,0.3216491596408225,1.4741634276895916,3.1089774993246513,,,35.0,10.0,home
2024_13_CLE_DEN,,DEN,CLE,1522.6999203713524,1457.4303282378442,0.6664844738752272,0.33351552612477275,1.5004100458418335,2.998361160631203,,,41.0,32.0,home
2024_14_GB_DET,,DET,GB,1589.2554893811266,1551.2307757913627,0.630763422384192,0.36923657761580797,1.5853804525001602,2.708290729095923,,,34.0,31.0,home
2024_14_NYJ_MIA,,MIA,NYJ,1483.9448043987002,1446.3380467876511,0.630202898784294,0.36979710121570597,1.586790543060133,2.7041856107376328,,,32.0,26.0,home
2024_14_ATL_MIN,,MIN,ATL,1567.550823739015,1494.6861264386362,0.6761311387452581,0.3238688612547419,1.479003025738124,3.0876694848827753,,,42.0,21.0,home
2024_14_NO_NYG,,NYG,NO,1427.4649535194403,1460.7491444112584,0.5312109287491042,0.46878907125089575,1.8824913906699934,2.1331555305494745,,,11.0,14.0,away
2024_14_CAR_PHI,,PHI,CAR,1575.224215978791,1446.1255862310093,0.7426440860739434,0.2573559139260566,1.3465400435444015,3.885669401354109,,,22.0,16.0,home
2024_14_CLE_PIT,,PIT,CLE,1552.5995129008984,1450.7600177153488,0.7115329191986809,0.2884670808013191,1.405416352522645,3.4666000613385317,,,27.0,14.0,home
2024_14_LV_TB,,TB,LV,1498.4757323595018,1431.9376946140587,0.668105552551427,0.331894447448573,1.4967694792852746,3.01300611591265,,,28.0,13.0,home
2024_14_JAX_TEN,,TEN,JAX,1455.4165146137184,1434.148268777151,0.6080291415905209,0.3919708584094791,1.644658013239525,2.5512100671405853,,,6.0,10.0,away
2024_14_SEA_ARI,,ARI,SEA,1502.2329766864584,1515.2692013389044,0.5600987675771186,0.43990123242288137,1.7853993936208983,2.273237550375149,,,18.0,30.0,away
2024_14_BUF_LA,,LA,BUF,1501.9782263576622,1570.7656705397137,0.4801686817196883,0.5198313182803117,2.0826014650072024,1.9237009484310525,,,44.0,42.0,home
2024_14_CHI_SF,,SF,CHI,1483.2709256430699,1460.3357841911743,0.6103136302020946,0.3896863697979054,1.6385018300654166,2.5661662236700975,,,38.0,13.0,home
2024_14_LAC_KC,,KC,LAC,1582.9915882271732,1534.029046775715,0.6453030973686336,0.35469690263136644,1.5496593834396917,2.819308521110182,,,19.0,17.0,home
2024_14_CIN_DAL,,DAL,CIN,1483.8407862179085,1466.716906589626,0.6023289156422319,0.3976710843577681,1.6602224698672354,2.5146409667048903,,,20.0,27.0,away
2024_15_LA_SF,,SF,LA,1491.064653039028,1512.3748527232683,0.5483321321871806,0.4516678678128194,1.8237122016016316,2.214016252345896,,,6.0,12.0,away
2024_15_DAL_CAR,,CAR,DAL,1440.9784679524882,1471.794207905064,0.5347478452666586,0.46525215473334136,1.8700402607538094,2.1493720981757702,,,14.0,30.0,away
2024_15_KC_CLE,,CLE,KC,1444.9906760993224,1590.0855262798007,0.3731731915654658,0.6268268084345342,2.6797208979696228,1.595336999860369,,,7.0,21.0,away
2024_15_MIA_HOU,,HOU,MIA,1521.4511282451763,1491.3407464230143,0.6200910588950701,0.3799089411049299,1.6126663748093437,2.632209700281317,,,20.0,12.0,home
2024_15_NYJ_JAX,,JAX,NYJ,1446.3088516089615,1438.942104763337,0.5888012107391906,0.41119878926080944,1.6983660728967995,2.4319137753242117,,,25.0,32.0,away
2024_15_WAS_NO,,NO,WAS,1471.3733629862404,1518.639670264316,0.5111278406749126,0.48887215932508743,1.9564577008357873,2.0455245424091038,,,19.0,20.0,away
2024_15_BAL_NYG,,NYG,BAL,1416.8407349444583,1530.5188879323716,0.4163491821822184,0.5836508178177816,2.401830105102362,1.7133532061839831,,,14.0,35.0,away
2024_15_CIN_TEN,,TEN,CIN,1443.255931781908,1478.7634849024705,0.5280224906667937,0.47197750933320626,1.8938587232092838,2.118745025399125,,,27.0,37.0,away
2024_15_NE_ARI,,ARI,NE,1491.031001334916,1437.2816686952865,0.6515845283230959,0.3484154716769041,1.53472029572829,2.870136607846535,,,30.0,17.0,home
2024_15_IND_DEN,,DEN,IND,1529.3702308938477,1495.3995937439283,0.62531179183368,0.37468820816632,1.5992022108963833,2.6688856980417994,,,31.0,13.0,home
2024_15_BUF_DET,,DET,BUF,1596.6402209334428,1560.3690441741076,0.6284093937589554,0.37159060624104456,1.5913193054265176,2.691133691768615,,,42.0,48.0,away
2024_15_TB_LAC,,LAC,TB,1526.9351087230875,1505.1136213084733,0.6087878919793748,0.3912121080206252,1.6426082272245308,2.55615810323355,,,17.0,40.0,away
2024_15_PIT_PHI,,PHI,PIT,1580.3713342573121,1558.3688545169248,0.6090360023350309,0.39096399766496914,1.6419390580622848,2.55778027125898,,,27.0,13.0,home
2024_15_GB_SEA,,SEA,GB,1526.4711766904468,1543.8460442390465,0.5539362361289956,0.44606376387100444,1.8052619322905772,2.241831955417895,,,13.0,30.0,away
2024_15_CHI_MIN,,MIN,CHI,1574.0282009641098,1452.5420567952162,0.7341802087317909,0.2658197912682091,1.3620634118255261,3.761947126769848,,,30.0,12.0,home
2024_15_ATL_LV,,LV,ATL,1425.2998056650872,1488.2087492135413,0.48862008088497993,0.5113799191150201,2.046579825759142,1.9554932890805963,,,9.0,15.0,away
2024_16_DEN_LAC,,LAC,DEN,1514.7593508835,1536.8639950571742,0.547199269187665,0.45280073081233496,1.8274878208162306,2.2084770009226284,,,34.0,27.0,home
2024_16_HOU_KC,,KC,HOU,1597.54899011111,1529.0493070672749,0.6706047065238934,0.32939529347610663,1.4911914429941007,3.035866084930983,,,27.0,19.0,home
2024_16_PIT_BAL,,BAL,PIT,1538.845871576016,1550.5495745636254,0.5619878351028571,0.4380121648971429,1.7793979469626353,2.2830416142319403,,,34.0,17.0,home
2024_16_NYG_ATL,,ATL,NYG,1497.981150831241,1408.513751300814,0.6966976151842647,0.30330238481573535,1.4353429353070444,3.297039687332257,,,34.0,7.0,home
2024_16_ARI_CAR,,CAR,ARI,1430.2835110471551,1497.999310768454,0.48170865947757446,0.5182913405224255,2.0759435819246552,1.929416761993406,,,36.0,30.0,home
2024_16_DET_CHI,,CHI,DET,1447.225660969852,1584.0720330582637,0.38434513351579525,0.6156548664842048,2.6018281820105407,1.624286681449721,,,17.0,34.0,away
2024_16_CLE_CIN,,CIN,CLE,1489.3239347158064,1437.527212268013,0.6490284423364282,0.3509715576635718,1.5407645255115698,2.849233728958067,,,24.0,6.0,home
2024_16_TEN_IND,,IND,TEN,1487.905829580602,1432.695481968572,0.6534914053530866,0.3465085946469134,1.530242007482397,2.885931302855514,,,38.0,30.0,home
2024_16_LA_NYJ,,NYJ,LA,1450.7181289781208,1523.341495367012,0.4746596663403555,0.5253403336596445,2.106772643460606,1.9035279340418514,,,9.0,19.0,away
2024_16_PHI_WAS,,WAS,PHI,1528.8622270778142,1588.1906142106116,0.4937712724328919,0.5062287275671081,2.025229201919416,1.9753916471827158,,,36.0,33.0,home
2024_16_MIN_SEA,,SEA,MIN,1515.392451967867,1579.344596789474,0.4871196782979444,0.5128803217020557,2.0528836024324084,1.949772603248607,,,24.0,27.0,away
2024_16_NE_BUF,,BUF,NE,1572.9372320492866,1430.3133592617485,0.7572413815676402,0.2427586184323598,1.3205828740233414,4.119318220121736,,,24.0,21.0,home
2024_16_JAX_LV,,LV,JAX,1415.5274040473876,1434.5328273941777,0.5516158256742212,0.4483841743257788,1.8128558925548124,2.2302303632898477,,,19.0,14.0,home
2024_16_SF_MIA,,MIA,SF,1483.7425676009157,1480.0980103952843,0.5836038220992191,0.4163961779007809,1.7134911769477563,2.4015590273700367,,,29.0,17.0,home
2024_16_TB_DAL,,DAL,TB,1482.4891648103971,1517.2893791480608,0.5290371184330365,0.47096288156696353,1.8902265363948678,2.123309583704031,,,26.0,24.0,home
2024_16_NO_GB,,GB,NO,1554.9247689616263,1461.1508061727423,0.7019104259992079,0.29808957400079206,1.424683211645482,3.354696330296151,,,34.0,0.0,home
2024_17_KC_PIT,,PIT,KC,1541.7893312656824,1604.136895980632,0.4894275804665859,0.510572419533414,2.043203202906281,1.9585860139367668,,,10.0,29.0,away
2024_17_BAL_HOU,,HOU,BAL,1522.4614011977528,1547.6061148739589,0.5428597699529597,0.4571402300470403,1.8420963485407158,2.1875125711362107,,,2.0,31.0,away
2024_17_SEA_CHI,,CHI,SEA,1439.538758299536,1505.650058401908,0.48401500308956164,0.5159849969104384,2.066051658764307,1.9380408461247838,,,3.0,6.0,away
2024_17_LAC_NE,,NE,LAC,1425.4581868931014,1523.8153654997468,0.43792589776476487,0.5620741022352351,2.283491351171831,1.7791248449683728,,,7.0,40.0,away
2024_17_DEN_CIN,,CIN,DEN,1496.3433658690778,1527.8079804409274,0.533818430031951,0.46618156996804905,1.8732961316831014,2.145086945561871,,,30.0,24.0,home
2024_17_ARI_LA,,LA,ARI,1532.834688693819,1487.6334839580056,0.6403317910382955,0.3596682089617045,1.561690383009883,2.7803402555005206,,,13.0,9.0,home
2024_17_NYJ_BUF,,BUF,NYJ,1577.7924044179338,1441.2249356513137,0.7507752041910466,0.2492247958089534,1.3319566155324627,4.012441846944328,,,40.0,14.0,home
2024_17_TEN_JAX,,JAX,TEN,1425.565143907662,1425.7653100756338,0.5782157645489746,0.4217842354510254,1.729458208009997,2.3708804548625975,,,20.0,13.0,home
2024_17_LV_NO,,NO,LV,1455.1890146927265,1424.4950875339032,0.6208820829943141,0.37911791700568587,1.6106117850547763,2.637701768088693,,,10.0,25.0,away
2024_17_IND_NYG,,NYG,IND,1402.4477036044993,1494.8360014735401,0.44640065486751584,0.5535993451324841,2.24014008289657,1.806360518292676,,,45.0,33.0,home
2024_17_DAL_PHI,,PHI,DAL,1578.0660396592693,1491.9084224417363,0.6926565792377819,0.3073434207622181,1.4437168865131218,3.253689301433488,,,41.0,7.0,home
2024_17_CAR_TB,,TB,CAR,1507.8701215167216,1440.6493378576035,0.6689764609475282,0.33102353905247184,1.4948209068277456,3.020933202703407,,,48.0,14.0,home
2024_17_MIA_CLE,,CLE,MIA,1430.5077811147416,1492.0704911589312,0.49055662413895806,0.5094433758610419,2.038500655770849,1.9629266909395726,,,3.0,20.0,away
2024_17_GB_MIN,,MIN,GB,1589.086990355433,1560.8865604416421,0.617497581110899,0.38250241888910097,1.6194395420966123,2.6143625520180835,,,27.0,25.0,home
2024_17_ATL_WAS,,WAS,ATL,1538.9868016291564,1504.0471985275556,0.6266177410282253,0.3733822589717747,1.5958692748773546,2.678220445593248,,,30.0,24.0,home
2024_17_DET_SF,,SF,DET,1471.7700868372688,1591.7589357285797,0.4075492684102613,0.5924507315897387,2.4536910688141527,1.6879040681014497,,,34.0,40.0,away
2024_18_CLE_BAL,,BAL,CLE,1558.4633102730181,1420.6966486319625,0.7520646200725839,0.2479353799274161,1.3296729739839206,4.033309002905327,,,35.0,10.0,home
2024_18_CIN_PIT,,PIT,CIN,1532.0007796563507,1505.6669972684388,0.6149564215125626,0.3850435784874374,1.6261314867488892,2.597108628400685,,,17.0,19.0,away
2024_18_CAR_ATL,,ATL,CAR,1496.57955334812,1434.0288670765542,0.6629964440566533,0.33700355594334674,1.5083037155996415,2.9673277399129545,,,38.0,44.0,away
2024_18_WAS_DAL,,DAL,WAS,1485.761554026492,1546.454446808592,0.49180800184029144,0.5081919981597085,2.033313805912287,1.967760223736801,,,19.0,23.0,away
2024_18_CHI_GB,,GB,CHI,1553.2365120638601,1429.8584582377448,0.7363002073901138,0.2636997926098862,1.358141679118352,3.7921910749447805,,,22.0,24.0,away
2024_18_JAX_IND,,IND,JAX,1483.7640145708904,1434.0008286166826,0.6463573023352973,0.3536426976647027,1.5471318980801905,2.8277128485998726,,,26.0,23.0,home
2024_18_BUF_NE,,NE,BUF,1416.699668937806,1582.7769003341127,0.34537948258551954,0.6546205174144805,2.8953659682213164,1.5276025932545567,,,23.0,16.0,home
2024_18_NYG_PHI,,PHI,NYG,1584.2129080745137,1413.519690507149,0.7856994036468375,0.21430059635316245,1.272751379673298,4.6663425908158604,,,20.0,13.0,home
2024_18_NO_TB,,TB,NO,1514.490592297771,1442.77137303284,0.6746855468696672,0.3253144531303328,1.4821719609078503,3.073948883541807,,,27.0,19.0,home
2024_18_HOU_TEN,,TEN,HOU,1417.3296253666133,1511.6042057986936,0.44371885794273686,0.5562811420572631,2.2536792883593257,1.7976521661362752,,,14.0,23.0,away
2024_18_SF_ARI,,ARI,SF,1480.4401197787715,1463.6191014690635,0.601911244367417,0.39808875563258295,1.6613745122023051,2.512002627180338,,,47.0,24.0,home
2024_18_KC_DEN,,DEN,KC,1518.4843490415665,1613.9254475899638,0.44206200609418594,0.557937993905814,2.262126095919086,1.7923138608997666,,,38.0,0.0,home
2024_18_SEA_LA,,LA,SEA,1540.0280528730532,1515.3303584636992,0.6127239608510114,0.38727603914898856,1.632056299236448,2.5821375425069637,,,25.0,30.0,away
2024_18_LAC_LV,,LV,LAC,1436.9127291937896,1532.573883455042,0.4417495956523874,0.5582504043476126,2.2637258977524897,1.7913108386703787,,,20.0,34.0,away
2024_18_MIA_NYJ,,NYJ,MIA,1436.2404397351347,1501.8816236417103,0.4846908920152145,0.5153091079847856,2.063170603108032,1.940582816225955,,,32.0,20.0,home
2024_18_MIN_DET,,DET,MIN,1599.909921096785,1596.737038733215,0.5829438560404498,0.41705614395955015,1.7154310653384965,2.3977587058326346,,,31.0,9.0,home
