game_id,commence_time,home_team,away_team,kickoff_local,nfl_week_index,total_mu,total_sigma,league_total_ref,p_over_at_model,p_over_at_league,home_score,away_score,winner
2024_01_BAL_KC,,KC,BAL,,,50.75,10.5,45.8235294117647,0.5,0.6805322528101335,27.0,20.0,home
2024_01_GB_PHI,,PHI,GB,,,45.75,10.5,45.8235294117647,0.5,0.4972063093852326,34.0,29.0,home
2024_01_PIT_ATL,,ATL,PIT,,,39.125,10.5,45.8235294117647,0.5,0.26175142750050195,10.0,18.0,away
2024_01_ARI_BUF,,BUF,ARI,,,45.25,10.5,45.8235294117647,0.5,0.4782198659821769,34.0,28.0,home
2024_01_TEN_CHI,,CHI,TEN,,,39.0,10.5,45.8235294117647,0.5,0.25789134708880335,24.0,17.0,home
2024_01_NE_CIN,,CIN,NE,,,45.25,10.5,45.8235294117647,0.5,0.4782198659821769,10.0,16.0,away
2024_01_HOU_IND,,IND,HOU,,,41.875,10.5,45.8235294117647,0.5,0.3534397062297392,27.0,29.0,away
2024_01_JAX_MIA,,MIA,JAX,,,44.875,10.5,45.8235294117647,0.5,0.4640100531915923,20.0,17.0,home
2024_01_CAR_NO,,NO,CAR,,,51.75,10.5,45.8235294117647,0.5,0.713767797641797,47.0,10.0,home
2024_01_MIN_NYG,,NYG,MIN,,,47.125,10.5,45.8235294117647,0.5,0.5493224017182172,6.0,28.0,away
2024_01_LV_LAC,,LAC,LV,,,43.125,10.5,45.8235294117647,0.5,0.39858830535280054,22.0,10.0,home
2024_01_DEN_SEA,,SEA,DEN,,,43.875,10.5,45.8235294117647,0.5,0.42638933211426333,26.0,20.0,home
2024_01_DAL_CLE,,CLE,DAL,,,47.375,10.5,45.8235294117647,0.5,0.558733557228176,17.0,33.0,away
2024_01_WAS_TB,,TB,WAS,,,53.25,10.5,45.8235294117647,0.5,0.7603046590985909,37.0,20.0,home
2024_01_LA_DET,,DET,LA,,,48.25,10.5,45.8235294117647,0.5,0.5913785047315463,26.0,20.0,home
2024_01_NYJ_SF,,SF,NYJ,,,38.125,10.5,45.8235294117647,0.5,0.23172027751763014,32.0,19.0,home
2024_02_BUF_MIA,,MIA,BUF,,,44.4375,10.5,45.8235294117647,0.5,0.4474910380824768,10.0,31.0,away
2024_02_LV_BAL,,BAL,LV,,,39.875,10.5,45.8235294117647,0.5,0.28551792425667977,23.0,26.0,away
2024_02_LAC_CAR,,CAR,LAC,,,46.125,10.5,45.8235294117647,0.5,0.5114526516183141,3.0,26.0,away
2024_02_NO_DAL,,DAL,NO,,,42.875,10.5,45.8235294117647,0.5,0.3894271749597067,19.0,44.0,away
2024_02_TB_DET,,DET,TB,,,48.1875,10.5,45.8235294117647,0.5,0.5890648397115992,16.0,20.0,away
2024_02_IND_GB,,GB,IND,,,45.875,10.5,45.8235294117647,0.5,0.5019555915818396,16.0,10.0,home
2024_02_CLE_JAX,,JAX,CLE,,,38.125,10.5,45.8235294117647,0.5,0.23172027751763014,13.0,18.0,away
2024_02_SF_MIN,,MIN,SF,,,46.25,10.5,45.8235294117647,0.5,0.5161990839943507,23.0,17.0,home
2024_02_SEA_NE,,NE,SEA,,,42.375,10.5,45.8235294117647,0.5,0.3712927627410947,20.0,23.0,away
2024_02_NYJ_TEN,,TEN,NYJ,,,41.125,10.5,45.8235294117647,0.5,0.32726462656907596,17.0,24.0,away
2024_02_NYG_WAS,,WAS,NYG,,,41.0,10.5,45.8235294117647,0.5,0.32297930647171935,21.0,18.0,home
2024_02_LA_ARI,,ARI,LA,,,48.625,10.5,45.8235294117647,0.5,0.6051910110603105,41.0,10.0,home
2024_02_PIT_DEN,,DEN,PIT,,,38.875,10.5,45.8235294117647,0.5,0.25406101434088657,6.0,13.0,away
2024_02_CIN_KC,,KC,CIN,,,52.3125,10.5,45.8235294117647,0.5,0.7317114074649446,26.0,25.0,home
2024_02_CHI_HOU,,HOU,CHI,,,39.625,10.5,45.8235294117647,0.5,0.27748265922212223,19.0,13.0,home
2024_02_ATL_PHI,,PHI,ATL,,,56.75,10.5,45.8235294117647,0.5,0.8509731560127021,21.0,22.0,away
2024_03_NE_NYJ,,NYJ,NE,,,43.125,10.5,45.8235294117647,0.5,0.39858830535280054,24.0,3.0,home
2024_03_NYG_CLE,,CLE,NYG,,,45.75,10.5,45.8235294117647,0.5,0.4972063093852326,15.0,21.0,away
2024_03_CHI_IND,,IND,CHI,,,47.1875,10.5,45.8235294117647,0.5,0.5516780035230806,21.0,16.0,home
2024_03_HOU_MIN,,MIN,HOU,,,42.4375,10.5,45.8235294117647,0.5,0.3735449253377906,34.0,7.0,home
2024_03_PHI_NO,,NO,PHI,,,49.3125,10.5,45.8235294117647,0.5,0.630162179529918,12.0,15.0,away
2024_03_LAC_PIT,,PIT,LAC,,,45.75,10.5,45.8235294117647,0.5,0.4972063093852326,20.0,10.0,home
2024_03_DEN_TB,,TB,DEN,,,52.125,10.5,45.8235294117647,0.5,0.7257935504013496,7.0,26.0,away
2024_03_GB_TEN,,TEN,GB,,,43.5625,10.5,45.8235294117647,0.5,0.4147526295747399,14.0,30.0,away
2024_03_CAR_LV,,LV,CAR,,,51.625,10.5,45.8235294117647,0.5,0.7097042775312927,22.0,36.0,away
2024_03_MIA_SEA,,SEA,MIA,,,46.875,10.5,45.8235294117647,0.5,0.539883432482409,24.0,3.0,home
2024_03_DET_ARI,,ARI,DET,,,54.8125,10.5,45.8235294117647,0.5,0.8040266741712083,13.0,20.0,away
2024_03_BAL_DAL,,DAL,BAL,,,56.75,10.5,45.8235294117647,0.5,0.8509731560127021,25.0,28.0,away
2024_03_SF_LA,,LA,SF,,,45.875,10.5,45.8235294117647,0.5,0.5019555915818396,27.0,24.0,home
2024_03_KC_ATL,,ATL,KC,,,35.1875,10.5,45.8235294117647,0.5,0.15554078436158558,17.0,22.0,away
2024_03_JAX_BUF,,BUF,JAX,,,53.8125,10.5,45.8235294117647,0.5,0.7766279638236672,47.0,10.0,home
2024_03_WAS_CIN,,CIN,WAS,,,40.25,10.5,45.8235294117647,0.5,0.2977744192050873,33.0,38.0,away
2024_04_DAL_NYG,,NYG,DAL,,,40.5,10.5,45.8235294117647,0.5,0.3060764265781609,15.0,20.0,away
2024_04_NO_ATL,,ATL,NO,,,40.4375,10.5,45.8235294117647,0.5,0.30399133581018467,26.0,24.0,home
2024_04_CIN_CAR,,CAR,CIN,,,44.875,10.5,45.8235294117647,0.5,0.4640100531915923,24.0,34.0,away
2024_04_LA_CHI,,CHI,LA,,,45.8125,10.5,45.8235294117647,0.5,0.499580943059835,24.0,18.0,home
2024_04_MIN_GB,,GB,MIN,,,36.125,10.5,45.8235294117647,0.5,0.17782921665579,29.0,31.0,away
2024_04_JAX_HOU,,HOU,JAX,,,37.9375,10.5,45.8235294117647,0.5,0.22631115617136266,24.0,20.0,home
2024_04_PIT_IND,,IND,PIT,,,41.5625,10.5,45.8235294117647,0.5,0.34244025103905396,27.0,24.0,home
2024_04_DEN_NYJ,,NYJ,DEN,,,35.9375,10.5,45.8235294117647,0.5,0.17321752947500868,9.0,10.0,away
2024_04_PHI_TB,,TB,PHI,,,42.3125,10.5,45.8235294117647,0.5,0.36904499869276197,33.0,16.0,home
2024_04_WAS_ARI,,ARI,WAS,,,49.75,10.5,45.8235294117647,0.5,0.6457790857133219,14.0,42.0,away
2024_04_NE_SF,,SF,NE,,,47.1875,10.5,45.8235294117647,0.5,0.5516780035230806,30.0,13.0,home
2024_04_KC_LAC,,LAC,KC,,,36.6875,10.5,45.8235294117647,0.5,0.1921234145764712,10.0,17.0,away
2024_04_CLE_LV,,LV,CLE,,,46.875,10.5,45.8235294117647,0.5,0.539883432482409,20.0,16.0,home
2024_04_BUF_BAL,,BAL,BUF,,,49.125,10.5,45.8235294117647,0.5,0.6234011569854501,35.0,10.0,home
2024_04_TEN_MIA,,MIA,TEN,,,39.0,10.5,45.8235294117647,0.5,0.25789134708880335,12.0,31.0,away
2024_04_SEA_DET,,DET,SEA,,,42.6875,10.5,45.8235294117647,0.5,0.3825961277253682,42.0,29.0,home
2024_05_TB_ATL,,ATL,TB,,,44.875,10.5,45.8235294117647,0.5,0.4640100531915923,36.0,30.0,home
2024_05_NYJ_MIN,,MIN,NYJ,,,42.1875,10.5,45.8235294117647,0.5,0.36456294935372313,23.0,17.0,home
2024_05_CAR_CHI,,CHI,CAR,,,46.5625,10.5,45.8235294117647,0.5,0.5280536595554683,36.0,10.0,home
2024_05_BAL_CIN,,CIN,BAL,,,50.0,10.5,45.8235294117647,0.5,0.6545961171122918,38.0,41.0,away
2024_05_BUF_HOU,,HOU,BUF,,,42.875,10.5,45.8235294117647,0.5,0.3894271749597067,23.0,20.0,home
2024_05_IND_JAX,,JAX,IND,,,36.5625,10.5,45.8235294117647,0.5,0.1888876462488458,37.0,34.0,home
2024_05_MIA_NE,,NE,MIA,,,44.75,10.5,45.8235294117647,0.5,0.4592827336088976,10.0,15.0,away
2024_05_CLE_WAS,,WAS,CLE,,,37.375,10.5,45.8235294117647,0.5,0.2105189650478868,34.0,13.0,home
2024_05_LV_DEN,,DEN,LV,,,30.25,10.5,45.8235294117647,0.5,0.06901153341744926,34.0,18.0,home
2024_05_ARI_SF,,SF,ARI,,,47.9375,10.5,45.8235294117647,0.5,0.5797799349657947,23.0,24.0,away
2024_05_GB_LA,,LA,GB,,,48.375,10.5,45.8235294117647,0.5,0.595996216299501,19.0,24.0,away
2024_05_NYG_SEA,,SEA,NYG,,,39.75,10.5,45.8235294117647,0.5,0.28148645907236136,20.0,29.0,away
2024_05_DAL_PIT,,PIT,DAL,,,37.1875,10.5,45.8235294117647,0.5,0.20540216926614097,17.0,20.0,away
2024_05_NO_KC,,KC,NO,,,46.4375,10.5,45.8235294117647,0.5,0.5233142207824569,26.0,13.0,home
2024_06_SF_SEA,,SEA,SF,,,43.52083333333333,10.5,45.8235294117647,0.5,0.41320647182066483,24.0,36.0,away
2024_06_JAX_CHI,,CHI,JAX,,,43.1875,10.5,45.8235294117647,0.5,0.4008875637292034,35.0,16.0,home
2024_06_WAS_BAL,,BAL,WAS,,,53.6875,10.5,45.8235294117647,0.5,0.7730562022153459,30.0,23.0,home
2024_06_ARI_GB,,GB,ARI,,,45.375,10.5,45.8235294117647,0.5,0.4829635293387856,34.0,13.0,home
2024_06_HOU_NE,,NE,HOU,,,39.25,10.5,45.8235294117647,0.5,0.26564093533977673,21.0,41.0,away
2024_06_TB_NO,,NO,TB,,,47.4375,10.5,45.8235294117647,0.5,0.5610813854952109,27.0,51.0,away
2024_06_CLE_PHI,,PHI,CLE,,,45.125,10.5,45.8235294117647,0.5,0.47347928620150614,20.0,16.0,home
2024_06_IND_TEN,,TEN,IND,,,44.4375,10.5,45.8235294117647,0.5,0.4474910380824768,17.0,20.0,away
2024_06_LAC_DEN,,DEN,LAC,,,40.8125,10.5,45.8235294117647,0.5,0.31659529622226656,16.0,23.0,away
2024_06_PIT_LV,,LV,PIT,,,41.75,10.5,45.8235294117647,0.5,0.34902460027098225,13.0,32.0,away
2024_06_ATL_CAR,,CAR,ATL,,,47.25,10.5,45.8235294117647,0.5,0.5540317846248579,20.0,38.0,away
2024_06_DET_DAL,,DAL,DET,,,58.125,10.5,45.8235294117647,0.5,0.8793148550773691,9.0,47.0,away
2024_06_CIN_NYG,,NYG,CIN,,,46.8125,10.5,45.8235294117647,0.5,0.5375199624410179,7.0,17.0,away
2024_06_BUF_NYJ,,NYJ,BUF,,,35.3125,10.5,45.8235294117647,0.5,0.1584012164954508,20.0,23.0,away
2024_07_DEN_NO,,NO,DEN,,,48.1875,10.5,45.8235294117647,0.5,0.5890648397115992,10.0,33.0,away
2024_07_NE_JAX,,JAX,NE,,,46.0,10.5,45.8235294117647,0.5,0.5067045966374839,32.0,16.0,home
2024_07_SEA_ATL,,ATL,SEA,,,46.4375,10.5,45.8235294117647,0.5,0.5233142207824569,14.0,34.0,away
2024_07_TEN_BUF,,BUF,TEN,,,49.1875,10.5,45.8235294117647,0.5,0.6256591569193685,34.0,10.0,home
2024_07_CIN_CLE,,CLE,CIN,,,47.625,10.5,45.8235294117647,0.5,0.5681116633281559,14.0,21.0,away
2024_07_HOU_GB,,GB,HOU,,,45.60416666666667,10.5,45.8235294117647,0.5,0.4916660277953293,24.0,22.0,home
2024_07_MIA_IND,,IND,MIA,,,46.25,10.5,45.8235294117647,0.5,0.5161990839943507,16.0,10.0,home
2024_07_DET_MIN,,MIN,DET,,,48.35416666666667,10.5,45.8235294117647,0.5,0.5952275073954965,29.0,31.0,away
2024_07_PHI_NYG,,NYG,PHI,,,36.125,10.5,45.8235294117647,0.5,0.17782921665579,3.0,28.0,away
2024_07_LV_LA,,LA,LV,,,44.6875,10.5,45.8235294117647,0.5,0.4569211887909843,20.0,15.0,home
2024_07_CAR_WAS,,WAS,CAR,,,47.375,10.5,45.8235294117647,0.5,0.558733557228176,40.0,7.0,home
2024_07_KC_SF,,SF,KC,,,42.6875,10.5,45.8235294117647,0.5,0.3825961277253682,18.0,28.0,away
2024_07_NYJ_PIT,,PIT,NYJ,,,38.5,10.5,45.8235294117647,0.5,0.242751541170533,37.0,15.0,home
2024_07_BAL_TB,,TB,BAL,,,50.54166666666667,10.5,45.8235294117647,0.5,0.6734091065351806,31.0,41.0,away
2024_07_LAC_ARI,,ARI,LAC,,,46.70833333333333,10.5,45.8235294117647,0.5,0.5335779413410109,17.0,15.0,home
2024_08_MIN_LA,,LA,MIN,,,45.875,10.5,45.8235294117647,0.5,0.5019555915818396,30.0,20.0,home
2024_08_PHI_CIN,,CIN,PHI,,,48.70833333333333,10.5,45.8235294117647,0.5,0.6082432422560342,17.0,37.0,away
2024_08_BAL_CLE,,CLE,BAL,,,48.85416666666667,10.5,45.8235294117647,0.5,0.6135685433520609,29.0,24.0,home
2024_08_TEN_DET,,DET,TEN,,,45.375,10.5,45.8235294117647,0.5,0.4829635293387856,52.0,14.0,home
2024_08_IND_HOU,,HOU,IND,,,42.14583333333333,10.5,45.8235294117647,0.5,0.36307300292563904,23.0,20.0,home
2024_08_GB_JAX,,JAX,GB,,,47.6875,10.5,45.8235294117647,0.5,0.5704504175138851,27.0,30.0,away
2024_08_ARI_MIA,,MIA,ARI,,,44.97916666666667,10.5,45.8235294117647,0.5,0.4679533999908809,27.0,28.0,away
2024_08_NYJ_NE,,NE,NYJ,,,44.54166666666667,10.5,45.8235294117647,0.5,0.45141697276756987,25.0,22.0,home
2024_08_ATL_TB,,TB,ATL,,,52.375,10.5,45.8235294117647,0.5,0.7336696509380052,26.0,31.0,away
2024_08_NO_LAC,,LAC,NO,,,36.4375,10.5,45.8235294117647,0.5,0.1856856754493037,26.0,8.0,home
2024_08_BUF_SEA,,SEA,BUF,,,45.6875,10.5,45.8235294117647,0.5,0.49483177469093775,10.0,31.0,away
2024_08_CAR_DEN,,DEN,CAR,,,44.83333333333333,10.5,45.8235294117647,0.5,0.46243368199837254,28.0,14.0,home
2024_08_KC_LV,,LV,KC,,,42.79166666666667,10.5,45.8235294117647,0.5,0.38638679517100105,20.0,27.0,away
2024_08_CHI_WAS,,WAS,CHI,,,40.79166666666667,10.5,45.8235294117647,0.5,0.31588927715243054,18.0,15.0,home
2024_08_DAL_SF,,SF,DAL,,,45.375,10.5,45.8235294117647,0.5,0.4829635293387856,30.0,24.0,home
2024_08_NYG_PIT,,PIT,NYG,,,42.45833333333333,10.5,45.8235294117647,0.5,0.37429661134048153,26.0,18.0,home
2024_09_HOU_NYJ,,NYJ,HOU,,,38.458333333333336,10.5,45.8235294117647,0.5,0.24151197309095074,21.0,13.0,home
2024_09_DAL_ATL,,ATL,DAL,,,45.725,10.5,45.8235294117647,0.5,0.4962564789186924,27.0,21.0,home
2024_09_DEN_BAL,,BAL,DEN,,,45.75,10.5,45.8235294117647,0.5,0.4972063093852326,41.0,10.0,home
2024_09_MIA_BUF,,BUF,MIA,,,48.35416666666667,10.5,45.8235294117647,0.5,0.5952275073954965,30.0,27.0,home
2024_09_NO_CAR,,CAR,NO,,,45.66666666666667,10.5,45.8235294117647,0.5,0.4940402996619432,23.0,22.0,home
2024_09_LV_CIN,,CIN,LV,,,49.1875,10.5,45.8235294117647,0.5,0.6256591569193685,41.0,24.0,home
2024_09_LAC_CLE,,CLE,LAC,,,44.375,10.5,45.8235294117647,0.5,0.4451379191514263,10.0,27.0,away
2024_09_WAS_NYG,,NYG,WAS,,,45.5625,10.5,45.8235294117647,0.5,0.49008333871335075,22.0,27.0,away
2024_09_NE_TEN,,TEN,NE,,,40.89583333333333,10.5,45.8235294117647,0.5,0.3194260394594617,20.0,17.0,home
2024_09_CHI_ARI,,ARI,CHI,,,39.0,10.5,45.8235294117647,0.5,0.25789134708880335,29.0,9.0,home
2024_09_JAX_PHI,,PHI,JAX,,,44.97916666666667,10.5,45.8235294117647,0.5,0.4679533999908809,28.0,23.0,home
2024_09_DET_GB,,GB,DET,,,50.1875,10.5,45.8235294117647,0.5,0.6611545817965272,14.0,24.0,away
2024_09_LA_SEA,,SEA,LA,,,47.1125,10.5,45.8235294117647,0.5,0.5488510700957414,20.0,26.0,away
2024_09_IND_MIN,,MIN,IND,,,46.0,10.5,45.8235294117647,0.5,0.5067045966374839,21.0,13.0,home
2024_09_TB_KC,,KC,TB,,,49.64583333333333,10.5,45.8235294117647,0.5,0.6420818024018684,30.0,24.0,home
2024_10_CIN_BAL,,BAL,CIN,,,49.6875,10.5,45.8235294117647,0.5,0.6435623385814064,35.0,34.0,home
2024_10_NYG_CAR,,CAR,NYG,,,46.0625,10.5,45.8235294117647,0.5,0.509078784933191,20.0,17.0,home
2024_10_NE_CHI,,CHI,NE,,,42.25,10.5,45.8235294117647,0.5,0.3668017040852649,3.0,19.0,away
2024_10_BUF_IND,,IND,BUF,,,43.5625,10.5,45.8235294117647,0.5,0.4147526295747399,20.0,30.0,away
2024_10_MIN_JAX,,JAX,MIN,,,49.625,10.5,45.8235294117647,0.5,0.6413407304470204,7.0,12.0,away
2024_10_DEN_KC,,KC,DEN,,,45.5625,10.5,45.8235294117647,0.5,0.49008333871335075,16.0,14.0,home
2024_10_ATL_NO,,NO,ATL,,,51.0625,10.5,45.8235294117647,0.5,0.6910925476896508,20.0,17.0,home
2024_10_SF_TB,,TB,SF,,,50.8625,10.5,45.8235294117647,0.5,0.6843514465334305,20.0,23.0,away
2024_10_PIT_WAS,,WAS,PIT,,,39.0625,10.5,45.8235294117647,0.5,0.2598176885973468,27.0,28.0,away
2024_10_TEN_LAC,,LAC,TEN,,,37.1875,10.5,45.8235294117647,0.5,0.20540216926614097,27.0,17.0,home
2024_10_NYJ_ARI,,ARI,NYJ,,,43.375,10.5,45.8235294117647,0.5,0.4078056629485942,31.0,6.0,home
2024_10_PHI_DAL,,DAL,PHI,,,48.66666666666667,10.5,45.8235294117647,0.5,0.6067179465655801,6.0,34.0,away
2024_10_DET_HOU,,HOU,DET,,,46.8125,10.5,45.8235294117647,0.5,0.5375199624410179,23.0,26.0,away
2024_10_MIA_LA,,LA,MIA,,,43.6875,10.5,45.8235294117647,0.5,0.4193989403478693,15.0,23.0,away
2024_11_WAS_PHI,,PHI,WAS,,,53.5,10.5,45.8235294117647,0.5,0.7676386532207239,26.0,18.0,home
2024_11_GB_CHI,,CHI,GB,,,44.075,10.5,45.8235294117647,0.5,0.43387127163374895,19.0,20.0,away
2024_11_JAX_DET,,DET,JAX,,,50.6875,10.5,45.8235294117647,0.5,0.6784021397955977,52.0,6.0,home
2024_11_LV_MIA,,MIA,LV,,,43.5,10.5,45.8235294117647,0.5,0.4124338958581779,34.0,19.0,home
2024_11_LA_NE,,NE,LA,,,47.4375,10.5,45.8235294117647,0.5,0.5610813854952109,22.0,28.0,away
2024_11_CLE_NO,,NO,CLE,,,41.7625,10.5,45.8235294117647,0.5,0.3494652041417866,35.0,14.0,home
2024_11_IND_NYJ,,NYJ,IND,,,37.75,10.5,45.8235294117647,0.5,0.22097409366851184,27.0,28.0,away
2024_11_BAL_PIT,,PIT,BAL,,,48.0625,10.5,45.8235294117647,0.5,0.5844282797343769,18.0,16.0,home
2024_11_MIN_TEN,,TEN,MIN,,,42.6875,10.5,45.8235294117647,0.5,0.3825961277253682,13.0,23.0,away
2024_11_ATL_DEN,,DEN,ATL,,,43.75,10.5,45.8235294117647,0.5,0.42172636000216746,38.0,6.0,home
2024_11_SEA_SF,,SF,SEA,,,46.9125,10.5,45.8235294117647,0.5,0.5413008437903957,17.0,20.0,away
2024_11_KC_BUF,,BUF,KC,,,46.6875,10.5,45.8235294117647,0.5,0.5327891291700195,30.0,21.0,home
2024_11_CIN_LAC,,LAC,CIN,,,42.3125,10.5,45.8235294117647,0.5,0.36904499869276197,34.0,27.0,home
2024_11_HOU_DAL,,DAL,HOU,,,49.1875,10.5,45.8235294117647,0.5,0.6256591569193685,10.0,34.0,away
2024_12_PIT_CLE,,CLE,PIT,,,40.725,10.5,45.8235294117647,0.5,0.3136345357276551,24.0,19.0,home
2024_12_KC_CAR,,CAR,KC,,,43.2,10.5,45.8235294117647,0.5,0.40134783046343747,27.0,30.0,away
2024_12_MIN_CHI,,CHI,MIN,,,42.33333333333333,10.5,45.8235294117647,0.5,0.36979376026251776,27.0,30.0,away
2024_12_TEN_HOU,,HOU,TEN,,,43.2875,10.5,45.8235294117647,0.5,0.4045734972709336,27.0,32.0,away
2024_12_DET_IND,,IND,DET,,,48.9375,10.5,45.8235294117647,0.5,0.616602067260192,6.0,24.0,away
2024_12_NE_MIA,,MIA,NE,,,40.9625,10.5,45.8235294117647,0.5,0.32169824618355647,34.0,15.0,home
2024_12_TB_NYG,,NYG,TB,,,43.925,10.5,45.8235294117647,0.5,0.42825744433533064,7.0,30.0,away
2024_12_DAL_WAS,,WAS,DAL,,,44.7875,10.5,45.8235294117647,0.5,0.46070035585665625,26.0,34.0,away
2024_12_DEN_LV,,LV,DEN,,,42.25,10.5,45.8235294117647,0.5,0.3668017040852649,19.0,29.0,away
2024_12_SF_GB,,GB,SF,,,45.075,10.5,45.8235294117647,0.5,0.471584067676327,38.0,10.0,home
2024_12_ARI_SEA,,SEA,ARI,,,48.29166666666667,10.5,45.8235294117647,0.5,0.5929191859918865,16.0,6.0,home
2024_12_PHI_LA,,LA,PHI,,,41.825,10.5,45.8235294117647,0.5,0.35167125658879617,20.0,37.0,away
2024_12_BAL_LAC,,LAC,BAL,,,46.925,10.5,45.8235294117647,0.5,0.5417731984629516,23.0,30.0,away
2024_13_CHI_DET,,DET,CHI,,,46.2,10.5,45.8235294117647,0.5,0.5143007487730669,23.0,20.0,home
2024_13_NYG_DAL,,DAL,NYG,,,47.9125,10.5,45.8235294117647,0.5,0.578848907232336,27.0,20.0,home
2024_13_MIA_GB,,GB,MIA,,,42.45833333333333,10.5,45.8235294117647,0.5,0.37429661134048153,30.0,17.0,home
2024_13_LV_KC,,KC,LV,,,45.4125,10.5,45.8235294117647,0.5,0.4843871294081902,19.0,17.0,home
2024_13_LAC_ATL,,ATL,LAC,,,44.375,10.5,45.8235294117647,0.5,0.4451379191514263,13.0,17.0,away
2024_13_PIT_CIN,,CIN,PIT,,,49.25,10.5,45.8235294117647,0.5,0.6279128549344116,38.0,44.0,away
2024_13_HOU_JAX,,JAX,HOU,,,44.35,10.5,45.8235294117647,0.5,0.4441972078199067,20.0,23.0,away
2024_13_ARI_MIN,,MIN,ARI,,,46.4375,10.5,45.8235294117647,0.5,0.5233142207824569,23.0,22.0,home
2024_13_IND_NE,,NE,IND,,,46.6375,10.5,45.8235294117647,0.5,0.5308954603640867,24.0,25.0,away
2024_13_SEA_NYJ,,NYJ,SEA,,,40.3625,10.5,45.8235294117647,0.5,0.301497622485279,21.0,26.0,away
2024_13_TEN_WAS,,WAS,TEN,,,48.29166666666667,10.5,45.8235294117647,0.5,0.5929191859918865,42.0,19.0,home
2024_13_TB_CAR,,CAR,TB,,,49.91666666666667,10.5,45.8235294117647,0.5,0.6516661329880595,23.0,26.0,away
2024_13_LA_NO,,NO,LA,,,49.125,10.5,45.8235294117647,0.5,0.6234011569854501,14.0,21.0,away
2024_13_PHI_BAL,,BAL,PHI,,,47.8875,10.5,45.8235294117647,0.5,0.5779174383765774,19.0,24.0,away
2024_13_SF_BUF,,BUF,SF,,,51.1625,10.5,45.8235294117647,0.5,0.6944393017716661,35.0,10.0,home
2024_13_CLE_DEN,,DEN,CLE,,,37.9125,10.5,45.8235294117647,0.5,0.2255953681755657,41.0,32.0,home
2024_14_GB_DET,,DET,GB,,,49.97916666666667,10.5,45.8235294117647,0.5,0.6538644807802158,34.0,31.0,home
2024_14_NYJ_MIA,,MIA,NYJ,,,44.91666666666667,10.5,45.8235294117647,0.5,0.4655869895777498,32.0,26.0,home
2024_14_ATL_MIN,,MIN,ATL,,,46.16666666666667,10.5,45.8235294117647,0.5,0.513035009227314,42.0,21.0,home
2024_14_NO_NYG,,NYG,NO,,,38.75,10.5,45.8235294117647,0.5,0.250260738626368,11.0,14.0,away
2024_14_CAR_PHI,,PHI,CAR,,,49.2625,10.5,45.8235294117647,0.5,0.6283630720072486,22.0,16.0,home
2024_14_CLE_PIT,,PIT,CLE,,,39.8875,10.5,45.8235294117647,0.5,0.28592257767097895,27.0,14.0,home
2024_14_LV_TB,,TB,LV,,,49.41666666666667,10.5,45.8235294117647,0.5,0.6339011423698747,28.0,13.0,home
2024_14_JAX_TEN,,TEN,JAX,,,43.75,10.5,45.8235294117647,0.5,0.42172636000216746,6.0,10.0,away
2024_14_SEA_ARI,,ARI,SEA,,,43.20833333333333,10.5,45.8235294117647,0.5,0.4016547510616638,18.0,30.0,away
2024_14_BUF_LA,,LA,BUF,,,45.45833333333333,10.5,45.8235294117647,0.5,0.4861273535275721,44.0,42.0,home
2024_14_CHI_SF,,SF,CHI,,,41.91666666666667,10.5,45.8235294117647,0.5,0.3549158369676858,38.0,13.0,home
2024_14_LAC_KC,,KC,LAC,,,41.10416666666667,10.5,45.8235294117647,0.5,0.3265488038895319,19.0,17.0,home
2024_14_CIN_DAL,,DAL,CIN,,,49.125,10.5,45.8235294117647,0.5,0.6234011569854501,20.0,27.0,away
2024_15_LA_SF,,SF,LA,,,45.1875,10.5,45.8235294117647,0.5,0.47584914877619044,6.0,12.0,away
2024_15_DAL_CAR,,CAR,DAL,,,47.285714285714285,10.5,45.8235294117647,0.5,0.5553759534033715,14.0,30.0,away
2024_15_KC_CLE,,CLE,KC,,,42.97916666666667,10.5,45.8235294117647,0.5,0.39323716828173594,7.0,21.0,away
2024_15_MIA_HOU,,HOU,MIA,,,42.75,10.5,45.8235294117647,0.5,0.38486920413849,20.0,12.0,home
2024_15_NYJ_JAX,,JAX,NYJ,,,46.04166666666667,10.5,45.8235294117647,0.5,0.5082874204173752,25.0,32.0,away
2024_15_WAS_NO,,NO,WAS,,,51.598214285714285,10.5,45.8235294117647,0.5,0.7088300206940845,19.0,20.0,away
2024_15_BAL_NYG,,NYG,BAL,,,44.035714285714285,10.5,45.8235294117647,0.5,0.4323996458628603,14.0,35.0,away
2024_15_CIN_TEN,,TEN,CIN,,,42.52083333333333,10.5,45.8235294117647,0.5,0.3765545276131045,27.0,37.0,away
2024_15_NE_ARI,,ARI,NE,,,39.25892857142857,10.5,45.8235294117647,0.5,0.26591987469717027,30.0,17.0,home
2024_15_IND_DEN,,DEN,IND,,,45.16666666666667,10.5,45.8235294117647,0.5,0.4750590954939585,31.0,13.0,home
2024_15_BUF_DET,,DET,BUF,,,52.6875,10.5,45.8235294117647,0.5,0.7433511486269887,42.0,48.0,away
2024_15_TB_LAC,,LAC,TB,,,47.66666666666667,10.5,45.8235294117647,0.5,0.5696711032660291,17.0,40.0,away
2024_15_PIT_PHI,,PHI,PIT,,,45.35416666666667,10.5,45.8235294117647,0.5,0.4821727330897292,27.0,13.0,home
2024_15_GB_SEA,,SEA,GB,,,45.223214285714285,10.5,45.8235294117647,0.5,0.47720374504135765,13.0,30.0,away
2024_15_CHI_MIN,,MIN,CHI,,,41.44642857142857,10.5,45.8235294117647,0.5,0.3383879388148546,30.0,12.0,home
2024_15_ATL_LV,,LV,ATL,,,49.9625,10.5,45.8235294117647,0.5,0.6532787577735933,9.0,15.0,away
2024_16_DEN_LAC,,LAC,DEN,,,41.25,10.5,45.8235294117647,0.5,0.3315728357695015,34.0,27.0,home
2024_16_HOU_KC,,KC,HOU,,,43.36607142857143,10.5,45.8235294117647,0.5,0.4074755585121921,27.0,19.0,home
2024_16_PIT_BAL,,BAL,PIT,,,48.52083333333333,10.5,45.8235294117647,0.5,0.6013666446830466,34.0,17.0,home
2024_16_NYG_ATL,,ATL,NYG,,,45.75892857142857,10.5,45.8235294117647,0.5,0.4975455386695108,34.0,7.0,home
2024_16_ARI_CAR,,CAR,ARI,,,48.3125,10.5,45.8235294117647,0.5,0.5936889893863337,36.0,30.0,home
2024_16_DET_CHI,,CHI,DET,,,46.035714285714285,10.5,45.8235294117647,0.5,0.5080613101422249,17.0,34.0,away
2024_16_CLE_CIN,,CIN,CLE,,,52.41666666666667,10.5,45.8235294117647,0.5,0.7349711162028506,24.0,6.0,home
2024_16_TEN_IND,,IND,TEN,,,45.52083333333333,10.5,45.8235294117647,0.5,0.48850080575664845,38.0,30.0,home
2024_16_LA_NYJ,,NYJ,LA,,,40.1875,10.5,45.8235294117647,0.5,0.2957150769850736,9.0,19.0,away
2024_16_PHI_WAS,,WAS,PHI,,,45.30357142857143,10.5,45.8235294117647,0.5,0.4802525260617768,36.0,33.0,home
2024_16_MIN_SEA,,SEA,MIN,,,42.75,10.5,45.8235294117647,0.5,0.38486920413849,24.0,27.0,away
2024_16_NE_BUF,,BUF,NE,,,45.02083333333333,10.5,45.8235294117647,0.5,0.4695316415122448,24.0,21.0,home
2024_16_JAX_LV,,LV,JAX,,,43.1875,10.5,45.8235294117647,0.5,0.4008875637292034,19.0,14.0,home
2024_16_SF_MIA,,MIA,SF,,,47.6875,10.5,45.8235294117647,0.5,0.5704504175138851,29.0,17.0,home
2024_16_TB_DAL,,DAL,TB,,,51.4375,10.5,45.8235294117647,0.5,0.7035588437846747,26.0,24.0,home
2024_16_NO_GB,,GB,NO,,,42.910714285714285,10.5,45.8235294117647,0.5,0.390732281762763,34.0,0.0,home
2024_17_KC_PIT,,PIT,KC,,,41.14583333333333,10.5,45.8235294117647,0.5,0.3279810850774785,10.0,29.0,away
2024_17_BAL_HOU,,HOU,BAL,,,49.07142857142857,10.5,45.8235294117647,0.5,0.6214623590161007,2.0,31.0,away
2024_17_SEA_CHI,,CHI,SEA,,,46.0625,10.5,45.8235294117647,0.5,0.509078784933191,3.0,6.0,away
2024_17_LAC_NE,,NE,LAC,,,41.375,10.5,45.8235294117647,0.5,0.3359034425457803,7.0,40.0,away
2024_17_DEN_CIN,,CIN,DEN,,,49.75892857142857,10.5,45.8235294117647,0.5,0.6460953631029192,30.0,24.0,home
2024_17_ARI_LA,,LA,ARI,,,51.651785714285715,10.5,45.8235294117647,0.5,0.7105773029788496,13.0,9.0,home
2024_17_NYJ_BUF,,BUF,NYJ,,,49.723214285714285,10.5,45.8235294117647,0.5,0.6448296508086817,40.0,14.0,home
2024_17_TEN_JAX,,JAX,TEN,,,49.910714285714285,10.5,45.8235294117647,0.5,0.651456499145389,20.0,13.0,home
2024_17_LV_NO,,NO,LV,,,45.5,10.5,45.8235294117647,0.5,0.4877096056075092,10.0,25.0,away
2024_17_IND_NYG,,NYG,IND,,,40.1875,10.5,45.8235294117647,0.5,0.2957150769850736,45.0,33.0,home
2024_17_DAL_PHI,,PHI,DAL,,,45.625,10.5,45.8235294117647,0.5,0.4924574230993357,41.0,7.0,home
2024_17_CAR_TB,,TB,CAR,,,50.01785714285714,10.5,45.8235294117647,0.5,0.6552227746698016,48.0,14.0,home
2024_17_MIA_CLE,,CLE,MIA,,,38.76785714285714,10.5,45.8235294117647,0.5,0.2508017835002778,3.0,20.0,away
2024_17_GB_MIN,,MIN,GB,,,47.8125,10.5,45.8235294117647,0.5,0.5751204358511774,27.0,25.0,home
2024_17_ATL_WAS,,WAS,ATL,,,51.1875,10.5,45.8235294117647,0.5,0.695273472849576,30.0,24.0,home
2024_17_DET_SF,,SF,DET,,,44.0,10.5,45.8235294117647,0.5,0.4310626170093095,34.0,40.0,away
2024_18_CLE_BAL,,BAL,CLE,,,47.223214285714285,10.5,45.8235294117647,0.5,0.5530232494978047,35.0,10.0,home
2024_18_CIN_PIT,,PIT,CIN,,,45.348214285714285,10.5,45.8235294117647,0.5,0.4819468040503345,17.0,19.0,away
2024_18_CAR_ATL,,ATL,CAR,,,47.875,10.5,45.8235294117647,0.5,0.5774515401131473,38.0,44.0,away
2024_18_WAS_DAL,,DAL,WAS,,,51.4375,10.5,45.8235294117647,0.5,0.7035588437846747,19.0,23.0,away
2024_18_CHI_GB,,GB,CHI,,,39.4375,10.5,45.8235294117647,0.5,0.27152964641178434,22.0,24.0,away
2024_18_JAX_IND,,IND,JAX,,,44.401785714285715,10.5,45.8235294117647,0.5,0.4461461669522093,26.0,23.0,home
2024_18_BUF_NE,,NE,BUF,,,50.50892857142857,10.5,45.8235294117647,0.5,0.6722838978929987,23.0,16.0,home
2024_18_NYG_PHI,,PHI,NYG,,,45.875,10.5,45.8235294117647,0.5,0.5019555915818396,20.0,13.0,home
2024_18_NO_TB,,TB,NO,,,46.1875,10.5,45.8235294117647,0.5,0.5138261126414623,27.0,19.0,home
2024_18_HOU_TEN,,TEN,HOU,,,42.89285714285714,10.5,45.8235294117647,0.5,0.39007957348435907,14.0,23.0,away
2024_18_SF_ARI,,ARI,SF,,,46.8125,10.5,45.8235294117647,0.5,0.5375199624410179,47.0,24.0,home
2024_18_KC_DEN,,DEN,KC,,,43.23214285714286,10.5,45.8235294117647,0.5,0.4025320007721057,38.0,0.0,home
2024_18_SEA_LA,,LA,SEA,,,46.0,10.5,45.8235294117647,0.5,0.5067045966374839,25.0,30.0,away
2024_18_LAC_LV,,LV,LAC,,,38.285714285714285,10.5,45.8235294117647,0.5,0.23641343432664408,20.0,34.0,away
2024_18_MIA_NYJ,,NYJ,MIA,,,35.25892857142857,10.5,45.8235294117647,0.5,0.1571711180924681,32.0,20.0,home
2024_18_MIN_DET,,DET,MIN,,,52.125,10.5,45.8235294117647,0.5,0.7257935504013496,31.0,9.0,home
